﻿<rss version="2.0"><channel><title>public.xbase++.wishcollector</title><link>http://news.alaska-software.com/readgroup?group=public.xbase%2B%2B.wishcollector</link><description>post your wishes, feature request and needs here</description><lastBuildDate>Wed, 14 Oct 2009 16:58:10 GMT</lastBuildDate><generator>MPNews http://www.mutantpenguin.co.uk/</generator><ttl>10</ttl><item><guid isPermaLink="true">http://news.alaska-software.com/readmessage?id=%3C4e7d90de$21378158$de15@news.alaska-software.com%3E&amp;group=public.xbase%2B%2B.wishcollector</guid><title>Re: Post Web Site Updates to News Server</title><pubDate>Wed, 22 Jul 2009 11:52:54 +0200</pubDate><link>http://news.alaska-software.com/readmessage?id=%3C4e7d90de$21378158$de15@news.alaska-software.com%3E&amp;group=public.xbase%2B%2B.wishcollector</link><comments>http://news.alaska-software.com/readmessage?id=%3C4e7d90de$21378158$de15@news.alaska-software.com%3E&amp;group=public.xbase%2B%2B.wishcollector</comments><author>SteffenF.Pirsig@</author><description /><comment xmlns="http://wellformedweb.org/CommentAPI/">http://news.alaska-software.com/rss/reply?newsgroup=public.xbase%2B%2B.wishcollector&amp;references=%3C4e7d90de$21378158$de15@news.alaska-software.com%3E</comment></item><item><guid isPermaLink="true">http://news.alaska-software.com/readmessage?id=%3C5efb702$461bdb00$e636@news.alaska-software.com%3E&amp;group=public.xbase%2B%2B.wishcollector</guid><title>Re: Post Web Site Updates to News Server</title><pubDate>Wed, 22 Jul 2009 20:25:35 +0200</pubDate><link>http://news.alaska-software.com/readmessage?id=%3C5efb702$461bdb00$e636@news.alaska-software.com%3E&amp;group=public.xbase%2B%2B.wishcollector</link><comments>http://news.alaska-software.com/readmessage?id=%3C5efb702$461bdb00$e636@news.alaska-software.com%3E&amp;group=public.xbase%2B%2B.wishcollector</comments><author>MartinAltmann@</author><description /><comment xmlns="http://wellformedweb.org/CommentAPI/">http://news.alaska-software.com/rss/reply?newsgroup=public.xbase%2B%2B.wishcollector&amp;references=%3C5efb702$461bdb00$e636@news.alaska-software.com%3E</comment></item><item><guid isPermaLink="true">http://news.alaska-software.com/readmessage?id=%3C63d3ae7$907e2f8$e5e3@news.alaska-software.com%3E&amp;group=public.xbase%2B%2B.wishcollector</guid><title>Re: CDOW</title><pubDate>Wed, 22 Jul 2009 21:36:10 +0200</pubDate><link>http://news.alaska-software.com/readmessage?id=%3C63d3ae7$907e2f8$e5e3@news.alaska-software.com%3E&amp;group=public.xbase%2B%2B.wishcollector</link><comments>http://news.alaska-software.com/readmessage?id=%3C63d3ae7$907e2f8$e5e3@news.alaska-software.com%3E&amp;group=public.xbase%2B%2B.wishcollector</comments><author>AUGE_OHR*AT*WEB.DE@</author><description /><comment xmlns="http://wellformedweb.org/CommentAPI/">http://news.alaska-software.com/rss/reply?newsgroup=public.xbase%2B%2B.wishcollector&amp;references=%3C63d3ae7$907e2f8$e5e3@news.alaska-software.com%3E</comment></item><item><guid isPermaLink="true">http://news.alaska-software.com/readmessage?id=%3Cwu2cik1bb7ve$.z8wraolrkrpm.dlg@40tude.net%3E&amp;group=public.xbase%2B%2B.wishcollector</guid><title>Re: Post Web Site Updates to News Server</title><pubDate>Wed, 22 Jul 2009 20:02:17 -0400</pubDate><link>http://news.alaska-software.com/readmessage?id=%3Cwu2cik1bb7ve$.z8wraolrkrpm.dlg@40tude.net%3E&amp;group=public.xbase%2B%2B.wishcollector</link><comments>http://news.alaska-software.com/readmessage?id=%3Cwu2cik1bb7ve$.z8wraolrkrpm.dlg@40tude.net%3E&amp;group=public.xbase%2B%2B.wishcollector</comments><author>AndreasGehrs-Pahl@</author><description /><comment xmlns="http://wellformedweb.org/CommentAPI/">http://news.alaska-software.com/rss/reply?newsgroup=public.xbase%2B%2B.wishcollector&amp;references=%3Cwu2cik1bb7ve$.z8wraolrkrpm.dlg@40tude.net%3E</comment></item><item><guid isPermaLink="true">http://news.alaska-software.com/readmessage?id=%3Ccde187e$1ad54db1$100d4@news.alaska-software.com%3E&amp;group=public.xbase%2B%2B.wishcollector</guid><title>Re: CDOW</title><pubDate>Fri, 24 Jul 2009 10:08:12 +0200</pubDate><link>http://news.alaska-software.com/readmessage?id=%3Ccde187e$1ad54db1$100d4@news.alaska-software.com%3E&amp;group=public.xbase%2B%2B.wishcollector</link><comments>http://news.alaska-software.com/readmessage?id=%3Ccde187e$1ad54db1$100d4@news.alaska-software.com%3E&amp;group=public.xbase%2B%2B.wishcollector</comments><author>SteffenF.Pirsig@</author><description /><comment xmlns="http://wellformedweb.org/CommentAPI/">http://news.alaska-software.com/rss/reply?newsgroup=public.xbase%2B%2B.wishcollector&amp;references=%3Ccde187e$1ad54db1$100d4@news.alaska-software.com%3E</comment></item><item><guid isPermaLink="true">http://news.alaska-software.com/readmessage?id=%3Cea2bea9$2cbcc587$cd36@news.alaska-software.com%3E&amp;group=public.xbase%2B%2B.wishcollector</guid><title>Re: Post Web Site Updates to News Server</title><pubDate>Sun, 26 Jul 2009 18:15:00 +0200</pubDate><link>http://news.alaska-software.com/readmessage?id=%3Cea2bea9$2cbcc587$cd36@news.alaska-software.com%3E&amp;group=public.xbase%2B%2B.wishcollector</link><comments>http://news.alaska-software.com/readmessage?id=%3Cea2bea9$2cbcc587$cd36@news.alaska-software.com%3E&amp;group=public.xbase%2B%2B.wishcollector</comments><author>bielikATstonline.sk@</author><description /><enclosure url="http://news.alaska-software.com/getattachment?id=%3Cea2bea9$2cbcc587$cd36@news.alaska-software.com%3E&amp;filename=REG.zip" length="1148" type="application/x-zip-compressed" /><enclosure url="http://news.alaska-software.com/getattachment?id=%3Cea2bea9$2cbcc587$cd36@news.alaska-software.com%3E&amp;filename=ATT00396.txt" length="165" type="text/plain" /><comment xmlns="http://wellformedweb.org/CommentAPI/">http://news.alaska-software.com/rss/reply?newsgroup=public.xbase%2B%2B.wishcollector&amp;references=%3Cea2bea9$2cbcc587$cd36@news.alaska-software.com%3E</comment></item><item><guid isPermaLink="true">http://news.alaska-software.com/readmessage?id=%3C64142fa2$645bd0dd$3a9f3@news.alaska-software.com%3E&amp;group=public.xbase%2B%2B.wishcollector</guid><title>designer for printer presentation space</title><pubDate>Thu, 27 Aug 2009 21:25:23 +0530</pubDate><link>http://news.alaska-software.com/readmessage?id=%3C64142fa2$645bd0dd$3a9f3@news.alaska-software.com%3E&amp;group=public.xbase%2B%2B.wishcollector</link><comments>http://news.alaska-software.com/readmessage?id=%3C64142fa2$645bd0dd$3a9f3@news.alaska-software.com%3E&amp;group=public.xbase%2B%2B.wishcollector</comments><author>JAYARAMMYSORE@</author><description /><comment xmlns="http://wellformedweb.org/CommentAPI/">http://news.alaska-software.com/rss/reply?newsgroup=public.xbase%2B%2B.wishcollector&amp;references=%3C64142fa2$645bd0dd$3a9f3@news.alaska-software.com%3E</comment></item><item><guid isPermaLink="true">http://news.alaska-software.com/readmessage?id=%3C4f770f9d$77786f6a$3b613@news.alaska-software.com%3E&amp;group=public.xbase%2B%2B.wishcollector</guid><title>Re: designer for printer presentation space</title><pubDate>Thu, 27 Aug 2009 09:59:16 -0700</pubDate><link>http://news.alaska-software.com/readmessage?id=%3C4f770f9d$77786f6a$3b613@news.alaska-software.com%3E&amp;group=public.xbase%2B%2B.wishcollector</link><comments>http://news.alaska-software.com/readmessage?id=%3C4f770f9d$77786f6a$3b613@news.alaska-software.com%3E&amp;group=public.xbase%2B%2B.wishcollector</comments><author>joe.carrick@dslextreme.com</author><description /><comment xmlns="http://wellformedweb.org/CommentAPI/">http://news.alaska-software.com/rss/reply?newsgroup=public.xbase%2B%2B.wishcollector&amp;references=%3C4f770f9d$77786f6a$3b613@news.alaska-software.com%3E</comment></item><item><guid isPermaLink="true">http://news.alaska-software.com/readmessage?id=%3C6eb3f7b5$5aff49e2$3c95a@news.alaska-software.com%3E&amp;group=public.xbase%2B%2B.wishcollector</guid><title>Re: designer for printer presentation space</title><pubDate>Fri, 28 Aug 2009 22:11:19 +0530</pubDate><link>http://news.alaska-software.com/readmessage?id=%3C6eb3f7b5$5aff49e2$3c95a@news.alaska-software.com%3E&amp;group=public.xbase%2B%2B.wishcollector</link><comments>http://news.alaska-software.com/readmessage?id=%3C6eb3f7b5$5aff49e2$3c95a@news.alaska-software.com%3E&amp;group=public.xbase%2B%2B.wishcollector</comments><author>JAYARAMMYSORE@</author><description /><comment xmlns="http://wellformedweb.org/CommentAPI/">http://news.alaska-software.com/rss/reply?newsgroup=public.xbase%2B%2B.wishcollector&amp;references=%3C6eb3f7b5$5aff49e2$3c95a@news.alaska-software.com%3E</comment></item><item><guid isPermaLink="true">http://news.alaska-software.com/readmessage?id=%3C1f7d8e01$20c21615$3d710@news.alaska-software.com%3E&amp;group=public.xbase%2B%2B.wishcollector</guid><title>Re: designer for printer presentation space</title><pubDate>Fri, 28 Aug 2009 14:23:54 -0400</pubDate><link>http://news.alaska-software.com/readmessage?id=%3C1f7d8e01$20c21615$3d710@news.alaska-software.com%3E&amp;group=public.xbase%2B%2B.wishcollector</link><comments>http://news.alaska-software.com/readmessage?id=%3C1f7d8e01$20c21615$3d710@news.alaska-software.com%3E&amp;group=public.xbase%2B%2B.wishcollector</comments><author>jwrl@suddenlink.net</author><description /><comment xmlns="http://wellformedweb.org/CommentAPI/">http://news.alaska-software.com/rss/reply?newsgroup=public.xbase%2B%2B.wishcollector&amp;references=%3C1f7d8e01$20c21615$3d710@news.alaska-software.com%3E</comment></item><item><guid isPermaLink="true">http://news.alaska-software.com/readmessage?id=%3C1pf3lak2c7mhr$.1as7mdwpct3qh$.dlg@40tude.net%3E&amp;group=public.xbase%2B%2B.wishcollector</guid><title>Re: designer for printer presentation space</title><pubDate>Fri, 28 Aug 2009 16:11:10 -0400</pubDate><link>http://news.alaska-software.com/readmessage?id=%3C1pf3lak2c7mhr$.1as7mdwpct3qh$.dlg@40tude.net%3E&amp;group=public.xbase%2B%2B.wishcollector</link><comments>http://news.alaska-software.com/readmessage?id=%3C1pf3lak2c7mhr$.1as7mdwpct3qh$.dlg@40tude.net%3E&amp;group=public.xbase%2B%2B.wishcollector</comments><author>AndreasGehrs-Pahl@</author><description /><comment xmlns="http://wellformedweb.org/CommentAPI/">http://news.alaska-software.com/rss/reply?newsgroup=public.xbase%2B%2B.wishcollector&amp;references=%3C1pf3lak2c7mhr$.1as7mdwpct3qh$.dlg@40tude.net%3E</comment></item><item><guid isPermaLink="true">http://news.alaska-software.com/readmessage?id=%3C2d9a2ae5$6a7bde49$3d54a@news.alaska-software.com%3E&amp;group=public.xbase%2B%2B.wishcollector</guid><title>set charset to unicode</title><pubDate>Fri, 28 Aug 2009 22:54:57 +0200</pubDate><link>http://news.alaska-software.com/readmessage?id=%3C2d9a2ae5$6a7bde49$3d54a@news.alaska-software.com%3E&amp;group=public.xbase%2B%2B.wishcollector</link><comments>http://news.alaska-software.com/readmessage?id=%3C2d9a2ae5$6a7bde49$3d54a@news.alaska-software.com%3E&amp;group=public.xbase%2B%2B.wishcollector</comments><author>AUGE_OHR*AT*WEB.DE@</author><description /><comment xmlns="http://wellformedweb.org/CommentAPI/">http://news.alaska-software.com/rss/reply?newsgroup=public.xbase%2B%2B.wishcollector&amp;references=%3C2d9a2ae5$6a7bde49$3d54a@news.alaska-software.com%3E</comment></item><item><guid isPermaLink="true">http://news.alaska-software.com/readmessage?id=%3C530ed823$63ee81c4$3d012@news.alaska-software.com%3E&amp;group=public.xbase%2B%2B.wishcollector</guid><title>Re: designer for printer presentation space</title><pubDate>Sat, 29 Aug 2009 06:28:18 +0530</pubDate><link>http://news.alaska-software.com/readmessage?id=%3C530ed823$63ee81c4$3d012@news.alaska-software.com%3E&amp;group=public.xbase%2B%2B.wishcollector</link><comments>http://news.alaska-software.com/readmessage?id=%3C530ed823$63ee81c4$3d012@news.alaska-software.com%3E&amp;group=public.xbase%2B%2B.wishcollector</comments><author>JAYARAMMYSORE@</author><description /><comment xmlns="http://wellformedweb.org/CommentAPI/">http://news.alaska-software.com/rss/reply?newsgroup=public.xbase%2B%2B.wishcollector&amp;references=%3C530ed823$63ee81c4$3d012@news.alaska-software.com%3E</comment></item><item><guid isPermaLink="true">http://news.alaska-software.com/readmessage?id=%3Cojqy1hgan4c7$.1eq6p2zvv1y38$.dlg@40tude.net%3E&amp;group=public.xbase%2B%2B.wishcollector</guid><title>Re: designer for printer presentation space</title><pubDate>Sat, 29 Aug 2009 15:36:07 -0400</pubDate><link>http://news.alaska-software.com/readmessage?id=%3Cojqy1hgan4c7$.1eq6p2zvv1y38$.dlg@40tude.net%3E&amp;group=public.xbase%2B%2B.wishcollector</link><comments>http://news.alaska-software.com/readmessage?id=%3Cojqy1hgan4c7$.1eq6p2zvv1y38$.dlg@40tude.net%3E&amp;group=public.xbase%2B%2B.wishcollector</comments><author>AndreasGehrs-Pahl@</author><description /><comment xmlns="http://wellformedweb.org/CommentAPI/">http://news.alaska-software.com/rss/reply?newsgroup=public.xbase%2B%2B.wishcollector&amp;references=%3Cojqy1hgan4c7$.1eq6p2zvv1y38$.dlg@40tude.net%3E</comment></item><item><guid isPermaLink="true">http://news.alaska-software.com/readmessage?id=%3C3c037ee$1334f706$9cc@news.alaska-software.com%3E&amp;group=public.xbase%2B%2B.wishcollector</guid><title>ReBar Control &amp; XbpToolbar</title><pubDate>Thu, 08 Oct 2009 10:56:46 -0700</pubDate><link>http://news.alaska-software.com/readmessage?id=%3C3c037ee$1334f706$9cc@news.alaska-software.com%3E&amp;group=public.xbase%2B%2B.wishcollector</link><comments>http://news.alaska-software.com/readmessage?id=%3C3c037ee$1334f706$9cc@news.alaska-software.com%3E&amp;group=public.xbase%2B%2B.wishcollector</comments><author>joe.carrick@dslextreme.com</author><description /><comment xmlns="http://wellformedweb.org/CommentAPI/">http://news.alaska-software.com/rss/reply?newsgroup=public.xbase%2B%2B.wishcollector&amp;references=%3C3c037ee$1334f706$9cc@news.alaska-software.com%3E</comment></item><item><guid isPermaLink="true">http://news.alaska-software.com/readmessage?id=%3C1d21b0a9$5f4e2227$258c@news.alaska-software.com%3E&amp;group=public.xbase%2B%2B.wishcollector</guid><title>Re: ReBar Control &amp; XbpToolbar</title><pubDate>Fri, 09 Oct 2009 10:57:47 +0000</pubDate><link>http://news.alaska-software.com/readmessage?id=%3C1d21b0a9$5f4e2227$258c@news.alaska-software.com%3E&amp;group=public.xbase%2B%2B.wishcollector</link><comments>http://news.alaska-software.com/readmessage?id=%3C1d21b0a9$5f4e2227$258c@news.alaska-software.com%3E&amp;group=public.xbase%2B%2B.wishcollector</comments><author>jwrl@suddenlink.net</author><description /><comment xmlns="http://wellformedweb.org/CommentAPI/">http://news.alaska-software.com/rss/reply?newsgroup=public.xbase%2B%2B.wishcollector&amp;references=%3C1d21b0a9$5f4e2227$258c@news.alaska-software.com%3E</comment></item><item><guid isPermaLink="true">http://news.alaska-software.com/readmessage?id=%3C5d39c8d0$6b077602$26bc@news.alaska-software.com%3E&amp;group=public.xbase%2B%2B.wishcollector</guid><title>Re: ReBar Control &amp; XbpToolbar</title><pubDate>Fri, 09 Oct 2009 09:46:52 -0700</pubDate><link>http://news.alaska-software.com/readmessage?id=%3C5d39c8d0$6b077602$26bc@news.alaska-software.com%3E&amp;group=public.xbase%2B%2B.wishcollector</link><comments>http://news.alaska-software.com/readmessage?id=%3C5d39c8d0$6b077602$26bc@news.alaska-software.com%3E&amp;group=public.xbase%2B%2B.wishcollector</comments><author>joe.carrick@dslextreme.com</author><description /><comment xmlns="http://wellformedweb.org/CommentAPI/">http://news.alaska-software.com/rss/reply?newsgroup=public.xbase%2B%2B.wishcollector&amp;references=%3C5d39c8d0$6b077602$26bc@news.alaska-software.com%3E</comment></item><item><guid isPermaLink="true">http://news.alaska-software.com/readmessage?id=%3C58e90fe5$20145fbe$271d@news.alaska-software.com%3E&amp;group=public.xbase%2B%2B.wishcollector</guid><title>Re: ReBar Control &amp; XbpToolbar</title><pubDate>Fri, 09 Oct 2009 11:48:21 -0700</pubDate><link>http://news.alaska-software.com/readmessage?id=%3C58e90fe5$20145fbe$271d@news.alaska-software.com%3E&amp;group=public.xbase%2B%2B.wishcollector</link><comments>http://news.alaska-software.com/readmessage?id=%3C58e90fe5$20145fbe$271d@news.alaska-software.com%3E&amp;group=public.xbase%2B%2B.wishcollector</comments><author>joe.carrick@dslextreme.com</author><description /><comment xmlns="http://wellformedweb.org/CommentAPI/">http://news.alaska-software.com/rss/reply?newsgroup=public.xbase%2B%2B.wishcollector&amp;references=%3C58e90fe5$20145fbe$271d@news.alaska-software.com%3E</comment></item><item><guid isPermaLink="true">http://news.alaska-software.com/readmessage?id=%3C6f4b585c$2ce6847a$209a@news.alaska-software.com%3E&amp;group=public.xbase%2B%2B.wishcollector</guid><title>Re: ReBar Control &amp; XbpToolbar</title><pubDate>Fri, 09 Oct 2009 22:01:39 +0000</pubDate><link>http://news.alaska-software.com/readmessage?id=%3C6f4b585c$2ce6847a$209a@news.alaska-software.com%3E&amp;group=public.xbase%2B%2B.wishcollector</link><comments>http://news.alaska-software.com/readmessage?id=%3C6f4b585c$2ce6847a$209a@news.alaska-software.com%3E&amp;group=public.xbase%2B%2B.wishcollector</comments><author>jwrl@suddenlink.net</author><description /><comment xmlns="http://wellformedweb.org/CommentAPI/">http://news.alaska-software.com/rss/reply?newsgroup=public.xbase%2B%2B.wishcollector&amp;references=%3C6f4b585c$2ce6847a$209a@news.alaska-software.com%3E</comment></item><item><guid isPermaLink="true">http://news.alaska-software.com/readmessage?id=%3C2e015ebb$18fc7f49$2172@news.alaska-software.com%3E&amp;group=public.xbase%2B%2B.wishcollector</guid><title>Re: ReBar Control &amp; XbpToolbar</title><pubDate>Fri, 09 Oct 2009 20:16:55 -0700</pubDate><link>http://news.alaska-software.com/readmessage?id=%3C2e015ebb$18fc7f49$2172@news.alaska-software.com%3E&amp;group=public.xbase%2B%2B.wishcollector</link><comments>http://news.alaska-software.com/readmessage?id=%3C2e015ebb$18fc7f49$2172@news.alaska-software.com%3E&amp;group=public.xbase%2B%2B.wishcollector</comments><author>joe.carrick@dslextreme.com</author><description /><comment xmlns="http://wellformedweb.org/CommentAPI/">http://news.alaska-software.com/rss/reply?newsgroup=public.xbase%2B%2B.wishcollector&amp;references=%3C2e015ebb$18fc7f49$2172@news.alaska-software.com%3E</comment></item></channel></rss>